{"epoch": 199, "batch_size": 128, "net": "seresnet34", "best_acc": 89.73, "parameters": 43435022, "train_loss": [2.147842657230699, 1.7701879428780598, 1.586591783691855, 1.4004113073544124, 1.2505542314266, 1.1523786225282322, 1.0698181623997896, 1.0111855318784104, 0.9642473131494449, 0.9272170539402291, 0.905384924405676, 0.872821641090276, 0.8653196642161025, 0.8493872448001676, 0.8234441836776636, 0.8135254091923804, 0.806190131265489, 0.7938831225990335, 0.7875405713115506, 0.7798412916300547, 0.7769947367555955, 0.7703964966337394, 0.7629113843678819, 0.7601414118581415, 0.7545040573762811, 0.7493301992831023, 0.7420612822103378, 0.7438395703997454, 0.7265315093195347, 0.7300894107964947, 0.7232687890986957, 0.7173232916370987, 0.7256109667251177, 0.7165930269624267, 0.7182874584289463, 0.7038288246792601, 0.7019640750744763, 0.7000599144517309, 0.7009853024769317, 0.6915340329832433, 0.6990494136615177, 0.691459646615226, 0.6846037427787586, 0.6866866662679121, 0.691735539442438, 0.6808810952831718, 0.6799837172488727, 0.6846672718024924, 0.6749476778232838, 0.6729021746179332, 0.6631518499473171, 0.6628809685597334, 0.6615602927439658, 0.6594530039888513, 0.6580173636946227, 0.6587566664761595, 0.6533652171302025, 0.6511921778969143, 0.6506685052076568, 0.6483912071608522, 0.6411583308521134, 0.6473431210688618, 0.637711584796686, 0.6326857947784922, 0.634875848012812, 0.6348167590015684, 0.6326624289193117, 0.6237493756482059, 0.6233127062278025, 0.6194583848309334, 0.6142790726078745, 0.6104051325937061, 0.6129065749742796, 0.6096379793513461, 0.6015286828245958, 0.6030799303670673, 0.6013073767999859, 0.6003880365120481, 0.5856666221947926, 0.588123282203284, 0.586061188022194, 0.5860208894895471, 0.5849591087349846, 0.5866600187385783, 0.5775004189337611, 0.574449202974739, 0.5670178127868096, 0.5633580540604604, 0.5582835053086586, 0.5658169113614065, 0.5490270164006811, 0.5468915646033519, 0.5483426880805998, 0.5462744367092162, 0.536045983395613, 0.5354787223326886, 0.5295866893990265, 0.5346154709301336, 0.5237601498508697, 0.5269708109023931, 0.5208648613956578, 0.5149815981955175, 0.5090331044953192, 0.5024069899030964, 0.5036662779653164, 0.5051821415381663, 0.4891019233352388, 0.48514963179598075, 0.4841930536967714, 0.48137285779504213, 0.47682940312053845, 0.4733346564995358, 0.4665471902283866, 0.46925155723186407, 0.45289884938303465, 0.45616676839416287, 0.44992007075063406, 0.44394968381470734, 0.4391710348903676, 0.43923212416336666, 0.42865206769970066, 0.42479364897893823, 0.417432268333557, 0.4177074097382748, 0.40891092821307806, 0.40898960184715594, 0.3997825521337407, 0.3972789995810565, 0.3889323403234677, 0.37967201000284356, 0.3767934825719165, 0.3706471727555975, 0.36371959078952176, 0.36113420342240493, 0.35710927844047546, 0.34860852326426056, 0.3463456141369422, 0.3376190405520027, 0.3302238340801595, 0.32092266451672213, 0.3241222387994342, 0.30952025088660245, 0.3053239923532662, 0.30146188725291007, 0.29563629878756337, 0.28406071167467806, 0.28322659112760784, 0.27581066815444577, 0.269982685251614, 0.2621444181712997, 0.2574802740760472, 0.2482566978887219, 0.2380324617180678, 0.23141006774762096, 0.22268255380794522, 0.22199440661751096, 0.21328260724806725, 0.2008244491675321, 0.19559463843360275, 0.18433426894114147, 0.18438724521785746, 0.17513301066311118, 0.17154507901128904, 0.15959114251691667, 0.15693254765037382, 0.13747731377096736, 0.13834096978197014, 0.1284958575387745, 0.1207421137987043, 0.11499148300465416, 0.1118970825467878, 0.10199824850196423, 0.09196669081478473, 0.08685788665624226, 0.08437713150344693, 0.07690772967760826, 0.07462288801322507, 0.07137721833175101, 0.062499162390866246, 0.05925252984094498, 0.05355128256218208, 0.05220472482997743, 0.04843021798735994, 0.045971239781212016, 0.04526984427705445, 0.042453157012839145, 0.040410728848841795, 0.04020759880618976, 0.03807451830857703, 0.037370762547187485, 0.03662452160778558, 0.03512951467291016, 0.034479749629564606, 0.03455527906622881, 0.03415091238591982, 0.03316799669390749, 0.03351520174814155, 0.03340804124312938, 0.03260844850631626, 0.033020180571452735], "train_acc": [19.392, 32.488, 41.268, 50.058, 56.6, 60.072, 63.796, 66.22, 67.822, 69.568, 70.302, 71.52, 71.95, 72.256, 73.206, 73.636, 73.776, 74.49, 74.654, 75.102, 74.992, 75.14, 75.452, 75.738, 75.774, 76.174, 76.03, 76.346, 76.748, 76.402, 76.752, 77.016, 76.908, 77.206, 76.862, 77.656, 77.468, 77.654, 77.678, 77.892, 77.928, 77.886, 78.092, 77.878, 78.03, 78.322, 78.478, 78.236, 78.352, 78.464, 79.084, 79.004, 79.044, 79.012, 79.112, 78.974, 79.35, 79.32, 79.412, 79.672, 79.67, 79.416, 79.73, 79.99, 79.844, 79.94, 79.984, 80.326, 80.272, 80.302, 80.512, 80.624, 80.404, 80.792, 81.162, 80.996, 81.098, 81.022, 81.684, 81.522, 81.504, 81.582, 81.506, 81.532, 81.792, 81.81, 82.176, 82.202, 82.554, 82.248, 82.72, 82.762, 82.638, 82.792, 83.298, 83.242, 83.406, 83.174, 83.408, 83.602, 83.74, 83.92, 84.084, 84.34, 84.302, 84.16, 84.624, 84.928, 85.024, 84.972, 85.076, 85.242, 85.608, 85.412, 86.02, 85.906, 85.916, 86.32, 86.438, 86.422, 86.758, 86.946, 87.036, 87.03, 87.318, 87.448, 87.752, 87.536, 88.006, 88.47, 88.39, 88.582, 88.916, 89.066, 89.146, 89.432, 89.392, 89.768, 90.118, 90.444, 90.278, 90.71, 90.826, 91.01, 91.104, 91.658, 91.606, 91.774, 91.984, 92.356, 92.454, 92.844, 93.072, 93.354, 93.596, 93.658, 93.842, 94.344, 94.532, 94.912, 94.814, 95.152, 95.276, 95.838, 95.814, 96.422, 96.382, 96.74, 96.962, 97.182, 97.294, 97.58, 97.916, 98.088, 98.194, 98.39, 98.496, 98.532, 98.858, 98.908, 99.162, 99.164, 99.272, 99.324, 99.294, 99.454, 99.474, 99.5, 99.528, 99.574, 99.608, 99.66, 99.648, 99.656, 99.668, 99.682, 99.668, 99.66, 99.692, 99.702],