{"epoch": 199, "batch_size": 128, "net": "sereesnet34", "best_acc": 89.01, "parameters": 21452546, "train_loss": [1.8634940373623157, 1.369278060200879, 1.167210233485912, 1.0545340200214435, 0.9794070318226924, 0.9229164487870453, 0.8747753392704918, 0.8413510725016484, 0.8264298225607714, 0.8025054577976236, 0.7871471136579733, 0.7697995978852977, 0.753788026854815, 0.7372653678707455, 0.7303120057143824, 0.7194214374055643, 0.7130745143231834, 0.7036539060837778, 0.6993852231813513, 0.6972929590650837, 0.6898329030064976, 0.6859552165126557, 0.6718366283285039, 0.6661868096160157, 0.666448358532108, 0.6694093453304847, 0.6646999865389236, 0.6563425350677022, 0.6591615496998857, 0.6536523739395239, 0.6492889276550858, 0.6468103936566111, 0.6450475884977814, 0.6389382057787513, 0.6365055699482598, 0.6353607712804205, 0.6238945407788162, 0.6234730391398721, 0.6289422060827465, 0.6193234048536062, 0.6163274825686385, 0.6247037332838453, 0.6120318031067129, 0.6074122526609075, 0.6137896209878995, 0.6064152549142423, 0.6106485408132948, 0.6035184510376143, 0.5992806671982835, 0.5977333260466681, 0.5986755446094991, 0.5909029884106668, 0.5936097024041979, 0.5939474194251058, 0.5858912017491772, 0.5824836399549108, 0.5874800730849166, 0.5885591539732941, 0.5724475516382691, 0.5741356515213657, 0.576248613083759, 0.5774020387236115, 0.5669024626312353, 0.5704346108619515, 0.5567659479577828, 0.5657612724834696, 0.5595573585509034, 0.556196460867172, 0.5579525041000922, 0.5453114017958531, 0.5463684504599218, 0.5512751904137604, 0.545447788732436, 0.5406338596130575, 0.5304980098134111, 0.5354752540588379, 0.5308076152411263, 0.5293542470621027, 0.5283912238105178, 0.5206935321888351, 0.5227267925086838, 0.5176801004678088, 0.5122221407225674, 0.5119594475802254, 0.5128969403788867, 0.5028884520616068, 0.508372903632386, 0.5000825522043516, 0.49562674555022396, 0.49363382751374596, 0.4902711757232466, 0.490747480212575, 0.48690636345492605, 0.47603503647057904, 0.4739769826002438, 0.4751400798940293, 0.4641427098180327, 0.47197156020290104, 0.46019893739839346, 0.46100213826464875, 0.45692420104885345, 0.45459332863997926, 0.44286359175849144, 0.4450256225398129, 0.4420458275033995, 0.43509030067707266, 0.42949352845968797, 0.42825611915124956, 0.42444011732897796, 0.4200194349984074, 0.41967775792721895, 0.4035296531208336, 0.41215177524425184, 0.4060570052288987, 0.3927642917236709, 0.40150496965783944, 0.38894775627976486, 0.38197568276196797, 0.38013159958145504, 0.38190449244530916, 0.376448504531475, 0.3655288747661864, 0.3581595960099374, 0.36160556228874285, 0.35519791819402935, 0.3519763225484687, 0.3403988075073418, 0.3418135417010778, 0.3282123985878952, 0.3358643316018307, 0.3269604090839396, 0.31579109435648567, 0.3112588063301638, 0.30610154085147107, 0.31156803389339494, 0.2994482386523805, 0.29378175125707445, 0.2887214864687542, 0.2762559098775125, 0.28116520484695046, 0.2754283910974517, 0.27604453448596816, 0.25993229262054424, 0.2509893500591483, 0.24035318193914335, 0.2438900572297823, 0.2359737003665141, 0.23323950760276116, 0.22242218856235293, 0.21374263982181355, 0.2153640944710778, 0.20850415945129322, 0.19822802631865682, 0.19245402501595904, 0.19023485737078635, 0.17466739803323966, 0.16984431496094865, 0.16738609664732843, 0.1625458548783951, 0.15305510242386242, 0.14623455278327702, 0.14178144846044843, 0.13077046178147922, 0.12108208206684692, 0.12056466827497762, 0.11700527307093905, 0.10802328120678892, 0.09846956766855991, 0.09562829980517135, 0.08663634065052737, 0.0797957433697284, 0.07517685740233382, 0.07012714557540234, 0.06519502613102765, 0.05868817094827781, 0.056071150790699915, 0.05063609102898089, 0.044540634781331814, 0.040678317905129754, 0.03894080035983945, 0.03665605243867087, 0.03210624362475446, 0.031196052231170866, 0.025326392452573152, 0.023728068062292454, 0.02196814351991448, 0.021164191676580044, 0.019080796008667602, 0.018800461755903518, 0.017897769475898818, 0.016643956934204302, 0.016242876048068827, 0.014798786657293091, 0.014190081647499596, 0.01467500597326671, 0.014888386137883567, 0.013922843533982534, 0.013356468420537651, 0.014203759505177665, 0.013669518202476565], "train_acc": [31.892, 50.098, 58.092, 62.23, 65.502, 67.354, 69.48, 70.76, 71.402, 72.164, 72.746, 73.344, 74.04, 74.562, 74.758, 75.098, 75.362, 75.69, 75.966, 76.224, 76.354, 76.424, 76.852, 77.236, 77.228, 77.088, 77.202, 77.392, 77.584, 77.676, 77.734, 77.796, 77.892, 77.99, 78.224, 78.282, 78.572, 78.488, 78.362, 78.92, 78.846, 78.57, 79.132, 79.188, 79.154, 79.182, 79.09, 79.242, 79.512, 79.52, 79.302, 79.696, 79.758, 79.606, 80.146, 80.078, 79.952, 79.84, 80.224, 80.342, 80.274, 80.096, 80.538, 80.504, 80.824, 80.84, 80.778, 81.104, 80.834, 81.482, 81.318, 81.14, 81.23, 81.578, 81.908, 81.696, 81.908, 81.872, 81.966, 82.044, 82.058, 82.344, 82.602, 82.576, 82.394, 82.57, 82.658, 82.854, 83.07, 83.208, 83.208, 83.274, 83.262, 83.69, 83.71, 83.582, 84.042, 83.856, 84.206, 84.16, 84.308, 84.276, 84.864, 84.756, 84.954, 84.91, 85.25, 85.3, 85.372, 85.64, 85.498, 86.096, 85.668, 86.2, 86.444, 85.946, 86.66, 86.99, 86.876, 86.878, 86.976, 87.388, 87.726, 87.506, 87.798, 87.89, 88.262, 88.172, 88.584, 88.48, 88.66, 89.078, 89.196, 89.334, 89.32, 89.6, 89.898, 90.082, 90.338, 90.33, 90.384, 90.306, 90.906, 91.358, 91.726, 91.606, 91.916, 91.82, 92.334, 92.688, 92.48, 92.722, 92.99, 93.2, 93.394, 94.022, 94.05, 94.19, 94.368, 94.658, 94.866, 95.138, 95.496, 95.776, 95.826, 95.966, 96.194, 96.482, 96.67, 97.022, 97.284, 97.522, 97.686, 97.816, 98.006, 98.102, 98.336, 98.566, 98.65, 98.718, 98.796, 99.0, 99.01, 99.202, 99.286, 99.346, 99.398, 99.464, 99.456, 99.528, 99.536, 99.542, 99.574, 99.64, 99.602, 99.59, 99.62, 99.646, 99.628, 99.664],