{"epoch": 199, "batch_size": 128, "net": "seresnet18", "best_acc": 89.41, "parameters": 23073438, "train_loss": [2.212932615938699, 1.8554262346623804, 1.6279582224233682, 1.414625243457687, 1.2658074261892178, 1.1645266893879531, 1.0811363176616562, 1.0250219935956209, 0.9765601379182333, 0.9430159639824381, 0.9212381914448555, 0.8950959125443188, 0.8665055207279332, 0.8538257859247115, 0.8349153672337837, 0.8359680503530575, 0.8092883457917996, 0.8045438221653404, 0.8006398485749578, 0.788610830178956, 0.7710286251571782, 0.7836090134995063, 0.7634054641894368, 0.7611132790060604, 0.7525342713536509, 0.7543379278743968, 0.7453586951546047, 0.7387613288276945, 0.7370505721672721, 0.7360831664498809, 0.7342967211133073, 0.7318743840812723, 0.722814322966139, 0.7190125954273107, 0.7188457817677647, 0.720589459399738, 0.7087597526095407, 0.7026546496869354, 0.7065796313230949, 0.7053483332057133, 0.6963278128362983, 0.6922979344949698, 0.6935550551432783, 0.6960340691801837, 0.6906056583232587, 0.6943603560442815, 0.6844375830172272, 0.6795801476139547, 0.6844254738991827, 0.6878440377809812, 0.6744107909672096, 0.6692004984297106, 0.6734418840054661, 0.6675683769118755, 0.6583866491494581, 0.6609610652222353, 0.6592429401472096, 0.6639141678200353, 0.6609115717203721, 0.6496634354524295, 0.6486079294205932, 0.6519636372318658, 0.6398109039839577, 0.6451564405275427, 0.6436386006262601, 0.6404186555034365, 0.6294819508367182, 0.6304537832279644, 0.6342974305152893, 0.6317935451827086, 0.621343665644336, 0.6233154513189555, 0.6199987636655188, 0.6232619789402808, 0.6063421816014878, 0.60924312723872, 0.6053440665345058, 0.604378366180698, 0.5999041387949453, 0.5935613302623525, 0.6012423865478057, 0.5975573508788252, 0.5920496246851313, 0.5864945678302395, 0.5846762463564763, 0.5832262666481535, 0.5835025226673507, 0.5700562242656717, 0.564691190295817, 0.5665250931249555, 0.5616096725396793, 0.5558046001912383, 0.5608523574174212, 0.5490666553949761, 0.553689078220626, 0.5420507400694405, 0.551989383099939, 0.5346024052413834, 0.5401173223314992, 0.5326180059434203, 0.526759244825529, 0.5254896139854666, 0.5258966492265081, 0.5179300721344131, 0.5127931830980589, 0.5049843434482584, 0.5072012387425698, 0.49834089495641803, 0.4939145535001974, 0.49765898313973567, 0.48684210976218933, 0.47985711747118276, 0.48411871969242537, 0.47374949110743336, 0.46096976646376997, 0.4671628365431295, 0.45821236054915604, 0.46227187002101516, 0.44927208247544514, 0.4503012058680015, 0.44164502613074946, 0.4406328189860829, 0.4343809264395243, 0.4281681842358826, 0.427051689351916, 0.4196663410462382, 0.4079037207319304, 0.4102178023141973, 0.40347019398151457, 0.4003185609265057, 0.39461462409295084, 0.3862114016662168, 0.3784082677891797, 0.37232668171910677, 0.37426051089678275, 0.37359573091844767, 0.3585914934763823, 0.3600424806708875, 0.3477001100626138, 0.3433187293350849, 0.34049651697468575, 0.33177355911268297, 0.3229173438628311, 0.31550851555736475, 0.3132158599774856, 0.3048068255262302, 0.29731789284654897, 0.29210253078919235, 0.284430219922834, 0.28371390342102637, 0.2789689619903979, 0.2686989783783398, 0.2578994534204683, 0.25335547449948537, 0.24048527444491302, 0.2399889520748192, 0.2324625239767077, 0.22682025832364627, 0.21764906526297864, 0.20687430304334598, 0.2075910189420061, 0.18869230915289706, 0.18538809081782465, 0.1771269956284472, 0.17688396270089138, 0.16203916674989569, 0.15161868383931687, 0.14576388556329187, 0.1446452829462793, 0.1367165563470872, 0.12605229793759562, 0.12195820985433391, 0.11348432624507743, 0.10830369665075446, 0.10121469962817933, 0.09351606409796669, 0.09157913682215355, 0.08599360615891569, 0.08223307815849629, 0.07577222115967584, 0.06817116944209846, 0.06783184740225524, 0.06374911730989928, 0.06117223126961447, 0.057577863502342376, 0.05750141702497097, 0.0548646466144363, 0.05218539064002159, 0.052123201653704314, 0.04971797431311797, 0.04813396889249535, 0.04663844489018478, 0.047357492915847725, 0.046223698279170125, 0.04519530164692408, 0.04483179209272727, 0.044303058120219604, 0.043577929658581836, 0.04331724418093786, 0.04320776941793044], "train_acc": [17.45, 28.332, 39.156, 49.432, 55.716, 59.976, 63.182, 65.31, 67.408, 68.958, 69.626, 70.768, 71.768, 72.128, 72.934, 72.694, 74.1, 73.934, 73.896, 74.87, 75.416, 74.636, 75.538, 75.64, 75.76, 75.818, 76.174, 76.246, 76.352, 76.5, 76.714, 76.682, 76.802, 77.212, 77.102, 77.012, 77.284, 77.546, 77.576, 77.474, 77.802, 77.724, 77.832, 77.702, 78.162, 77.818, 78.332, 78.078, 78.272, 78.096, 78.738, 78.898, 78.446, 78.85, 78.966, 79.088, 79.016, 78.912, 79.076, 79.558, 79.512, 79.528, 79.754, 79.682, 79.788, 79.684, 80.17, 80.15, 80.156, 79.918, 80.486, 80.322, 80.266, 80.184, 80.818, 80.74, 80.936, 81.0, 81.15, 81.338, 81.098, 81.052, 81.402, 81.694, 81.618, 81.82, 81.614, 82.11, 82.254, 82.362, 82.416, 82.33, 82.404, 82.95, 82.692, 83.072, 82.682, 83.268, 82.862, 83.332, 83.614, 83.66, 83.458, 83.85, 84.11, 84.166, 84.256, 84.64, 84.696, 84.588, 84.892, 85.032, 84.84, 85.344, 85.722, 85.396, 85.948, 85.696, 86.102, 86.078, 86.45, 86.502, 86.64, 86.748, 86.898, 87.008, 87.366, 87.304, 87.592, 87.856, 87.874, 88.16, 88.472, 88.722, 88.694, 88.61, 89.204, 89.026, 89.53, 89.716, 89.66, 89.998, 90.354, 90.548, 90.548, 91.038, 91.18, 91.334, 91.666, 91.568, 91.828, 92.128, 92.492, 92.72, 93.136, 93.152, 93.364, 93.536, 93.958, 94.288, 94.118, 94.91, 95.046, 95.282, 95.218, 95.772, 96.054, 96.256, 96.302, 96.596, 96.978, 97.082, 97.316, 97.534, 97.798, 98.02, 98.012, 98.218, 98.328, 98.596, 98.814, 98.788, 98.954, 99.014, 99.1, 99.108, 99.188, 99.29, 99.244, 99.37, 99.428, 99.458, 99.378, 99.43, 99.452, 99.5, 99.49, 99.564, 99.538, 99.562],