{"DueHeadNet(seresnet18)": {"best_acc": 73.04147465437788, "parms": 35534255}, "DueHeadNet(seresnet18)NFMCE": {"best_acc": 71.88940092165899, "parms": 35534255}, "seresnet101": {"best_acc": 72.52304147465438, "parms": 47484821}}