{"DueHeadNet(seresnet18)": {"best_acc": 73.04147465437788, "parms": 35534255}, "DueHeadNet(seresnet18)NFMCE": {"best_acc": 71.88940092165899, "parms": 35534255}, "seresnet50": {"best_acc": 72.23502304147465, "parms": 26245973}}