{"epoch": 199, "batch_size": 128, "net": "DueHeadNet_NFMCE", "best_acc": 88.8, "parameters": 23073438, "train_loss": [2.0745081529592917, 1.6596327763994028, 1.3841721633511126, 1.1985285693727186, 1.0910607617529458, 1.0066071192321875, 0.9542128134261617, 0.9121530831927229, 0.8682968014341486, 0.8487355408766081, 0.8268819929998549, 0.8092064624247344, 0.7978735246011973, 0.7839337738273698, 0.7670011305443162, 0.7585313859802988, 0.757911415508641, 0.7521457701083034, 0.7357353917168229, 0.7339557919203473, 0.731175201018448, 0.7260836308721996, 0.7160862011982657, 0.7154646595115857, 0.7149933088770912, 0.7105076849613043, 0.7000847627287325, 0.6978533783227282, 0.6988150318107946, 0.6929334521750965, 0.6948962534022758, 0.685125878095017, 0.6821703274384179, 0.6840436984510982, 0.6803435049093592, 0.6810265185735415, 0.6711731731434307, 0.6713462790564808, 0.6683912836682157, 0.6669750653416909, 0.6685924947719135, 0.667361426002839, 0.6593006240284961, 0.6555827067178839, 0.6653352177813839, 0.6535390777051296, 0.6521867134077165, 0.6482799303958483, 0.6485564324557019, 0.6457252683846847, 0.6377506732483349, 0.6407902908447148, 0.6426076021645685, 0.6383653373821921, 0.6301886236576169, 0.625034722297088, 0.6274249505661332, 0.630947073173645, 0.6311877173231081, 0.6224722151103836, 0.6227227082032987, 0.6179353719019829, 0.6120071153506599, 0.6184419026155301, 0.6146291091161615, 0.6072310671934387, 0.5948252334161792, 0.6055316582817556, 0.5999175992310809, 0.5999017280081044, 0.5941115994282695, 0.5931232259858905, 0.5856661672329964, 0.5914042615677084, 0.5828360898415451, 0.581158056588429, 0.5782568218458034, 0.571106941117655, 0.571284859153011, 0.5697076005094192, 0.5726789076767309, 0.5682272301305591, 0.5584810072808619, 0.5590574680386907, 0.5576451615146969, 0.5550780330625031, 0.5493380149154712, 0.5473945053946941, 0.5438194229169879, 0.538824867561955, 0.533485224332346, 0.5316999990616917, 0.5373241806883946, 0.5280411065082111, 0.5251427288250545, 0.5219257307022124, 0.5196750030645629, 0.5154811735348324, 0.5106022470747419, 0.5020621445630212, 0.5108611026535863, 0.5027398836734654, 0.49899441918448717, 0.49671381468053366, 0.4888111900947893, 0.49088639996545697, 0.4805541370835755, 0.4800541859758479, 0.4763505660054629, 0.4741735777739064, 0.47153598070144653, 0.46269801243796677, 0.45495639165953905, 0.45491659454524974, 0.4550185653254809, 0.4493660155464621, 0.4413615845505844, 0.43927714335339146, 0.4359228638813014, 0.4336230546007376, 0.42456476965828627, 0.42493630858028636, 0.41987830587207814, 0.41725434968843483, 0.40851876574099216, 0.40413751866658937, 0.3961447829861775, 0.39473221350051557, 0.39261958346037606, 0.39139642949451875, 0.3829371476798411, 0.3786197984614945, 0.37204476093392236, 0.36957881285253996, 0.3592249385612395, 0.35876156686974303, 0.3531608392134347, 0.349763743712774, 0.3380568293125733, 0.339178154573721, 0.332101539920663, 0.3262513126329998, 0.3216788423488207, 0.31483406182902546, 0.3092864410346731, 0.30389733643025696, 0.29870937067224546, 0.2907740707554476, 0.2831648333984263, 0.2807082449421858, 0.27490086786811, 0.2715508813976937, 0.2668539668859728, 0.253274451817393, 0.24828658369191162, 0.23925333574909688, 0.23015699817625154, 0.23056999193814098, 0.22652141410676416, 0.21607189427327622, 0.21081525700933793, 0.20349598273901684, 0.19893115785573146, 0.19133650501975624, 0.1855107429234878, 0.1806958403314471, 0.17356039471257373, 0.16063902343211273, 0.1545322981122357, 0.14979155435967628, 0.1465842195827028, 0.13567206663701237, 0.12671119623038624, 0.123416747269042, 0.11644423136587644, 0.10883378817716523, 0.10736921867427161, 0.09857738992709028, 0.09274557866918309, 0.08813405853917684, 0.08330052751390372, 0.07897488099268025, 0.07406175586268725, 0.07160634894752899, 0.0665648542678036, 0.06301832597350221, 0.05952264177982155, 0.060180041657956054, 0.05550120022062145, 0.05433891886068732, 0.051069536332107715, 0.05081624235205181, 0.050553226638632966, 0.04792606132462278, 0.048053823087526405, 0.046056527425261104, 0.046470129497997135, 0.04851224399922068, 0.04513836806387548, 0.04532955337049025], "train_acc": [20.916, 37.588, 50.072, 57.638, 61.87, 65.5, 67.218, 68.928, 70.544, 71.144, 72.102, 72.494, 73.148, 73.608, 74.27, 74.308, 74.43, 74.576, 75.356, 75.356, 75.524, 75.858, 75.976, 75.87, 76.04, 76.204, 76.638, 76.63, 76.464, 76.826, 76.776, 77.062, 77.116, 77.436, 77.396, 77.314, 77.43, 77.566, 77.702, 77.778, 77.64, 77.492, 77.96, 78.28, 77.86, 78.138, 78.206, 78.146, 78.186, 78.47, 78.716, 78.848, 78.588, 78.7, 78.81, 79.006, 79.248, 79.002, 79.0, 79.254, 79.222, 79.302, 79.692, 79.382, 79.554, 79.696, 80.19, 79.89, 80.124, 80.072, 80.248, 80.104, 80.442, 80.382, 80.426, 80.62, 80.574, 81.202, 80.934, 80.95, 80.786, 81.098, 81.256, 81.306, 81.464, 81.7, 81.62, 81.79, 81.824, 82.142, 82.37, 82.14, 82.236, 82.618, 82.51, 82.558, 82.712, 82.806, 83.012, 83.318, 83.15, 83.338, 83.366, 83.506, 83.76, 83.702, 84.072, 84.228, 84.044, 84.188, 84.384, 84.626, 85.0, 84.874, 84.982, 85.186, 85.37, 85.438, 85.556, 85.482, 85.924, 85.886, 85.994, 86.23, 86.47, 86.73, 86.806, 86.964, 86.936, 87.218, 87.302, 87.4, 87.762, 87.686, 88.144, 88.22, 88.352, 88.546, 88.832, 88.76, 89.082, 89.412, 89.444, 89.754, 89.8, 90.074, 90.264, 90.446, 90.692, 90.724, 91.04, 91.176, 91.18, 91.68, 91.91, 92.216, 92.498, 92.506, 92.608, 93.072, 93.166, 93.41, 93.662, 93.954, 94.092, 94.18, 94.566, 94.94, 95.15, 95.288, 95.444, 95.86, 96.164, 96.246, 96.468, 96.712, 96.832, 97.094, 97.254, 97.35, 97.634, 97.798, 97.958, 98.012, 98.216, 98.312, 98.466, 98.388, 98.592, 98.694, 98.768, 98.794, 98.764, 98.846, 98.858, 98.928, 98.916, 98.808, 98.988, 98.882],