{"epoch": 199, "batch_size": 128, "net": "DueHeadNet", "best_acc": 89.21, "parameters": 23073438, "train_loss": [2.204114588325286, 1.8142219476992516, 1.5907876476302476, 1.3902683236714823, 1.244253282351872, 1.1533901301186409, 1.074318061399338, 1.0255907391343275, 0.9730970662877992, 0.9499780293315878, 0.91505577573386, 0.8906200422960169, 0.8723350749601184, 0.849964105564615, 0.8406950261281885, 0.8208139619558973, 0.8189653203158123, 0.8012044082212326, 0.7976432517361458, 0.7929678409910568, 0.7827236762132181, 0.7858249321008277, 0.7800299667031564, 0.7653909868291576, 0.7559896604636746, 0.756501327085373, 0.7565671168934659, 0.7533417475193053, 0.7474241509004627, 0.7410611993516497, 0.7368204952658289, 0.7311078581358771, 0.7265618534191794, 0.7290277420102483, 0.7265648022484597, 0.720613075949042, 0.7109999639908676, 0.7123402552988828, 0.7120847370466004, 0.7064785570897105, 0.7084674537181854, 0.7005031478526952, 0.7007527831570267, 0.6999406481490416, 0.701880200058603, 0.700197518100519, 0.6914504659755151, 0.6919681320105062, 0.6822332090429027, 0.6848117754130107, 0.6861998440359559, 0.6751578999754718, 0.6819893400687391, 0.6680268356409829, 0.671042581348468, 0.6719023739285481, 0.6732814021580055, 0.6630090767770167, 0.6619260468141502, 0.6514854265753266, 0.6572917795852017, 0.6590052932272177, 0.6551511678701777, 0.646921105397022, 0.6402596316831496, 0.6479279578036969, 0.6376894622507607, 0.6363689165438533, 0.6376990292535718, 0.6299611841473738, 0.6201012513369245, 0.6191968894980447, 0.6255683012478187, 0.612507036351182, 0.6192337372113982, 0.6176447090133071, 0.6094827208372638, 0.6092863980004245, 0.6075531856330765, 0.6040417769223528, 0.5935842930660833, 0.5965211973775684, 0.5907819322155564, 0.5874359656477828, 0.5847699765659049, 0.5842259802934154, 0.5801878005189969, 0.5759681322995354, 0.5730407126724263, 0.5731737017631531, 0.5701402590402862, 0.5636714433160279, 0.5578847032831148, 0.5620107671336445, 0.552540989483104, 0.5454523505457222, 0.5501800903578853, 0.5438715867374254, 0.542329254738815, 0.5350240523857839, 0.5368489245014727, 0.5309701872908551, 0.519773203851012, 0.5245853034431672, 0.5186498373975534, 0.5166689553071776, 0.5096514053509363, 0.5100974118160775, 0.506693562049695, 0.49878018835316534, 0.4880222811570863, 0.48445152367472344, 0.48903367662673713, 0.47940768953174584, 0.4759489742996138, 0.47246580195548893, 0.46646934404702445, 0.4625706545379766, 0.46377870406183747, 0.4525212589127328, 0.4502351857969523, 0.4459448950293729, 0.4370176360735198, 0.43305291601306645, 0.4268971622904853, 0.4292622303490139, 0.41867962670143305, 0.4194222228682559, 0.4101215104770173, 0.40617933095721026, 0.3974092218195996, 0.3938573167833221, 0.3864658307236479, 0.37845071311801903, 0.3819060310378404, 0.37460539819639355, 0.37209638774090104, 0.36083153054080047, 0.35531903940545934, 0.35065956402312765, 0.34447602474171185, 0.3385495211538451, 0.3309031370503213, 0.32521437447699136, 0.3221716236732805, 0.31295291911763, 0.3036873254096112, 0.30091978750570353, 0.29202014554644484, 0.28998895229585947, 0.27765653547271135, 0.2787532643284029, 0.2673775579808923, 0.25565932447190787, 0.2553563438489309, 0.24749804553016067, 0.22994930325719096, 0.22970010509804997, 0.2277255525903019, 0.2143770350367212, 0.21441329209624654, 0.20458526783587072, 0.19528026833101306, 0.18394990787481713, 0.17524948998180498, 0.17210177606557642, 0.16602434938216148, 0.15670836479653177, 0.14787328990219195, 0.14344951815312476, 0.13742909744343795, 0.1314082904278165, 0.12244045915429855, 0.11709814205232179, 0.10667631709400345, 0.10206078076758958, 0.09355402056632749, 0.09262865510247552, 0.08535719218918734, 0.08259649855820723, 0.07544253874198555, 0.07553276882680786, 0.06818377567202691, 0.06561862060423855, 0.06365187114099864, 0.05882280323740162, 0.058601444872939376, 0.05661174914587642, 0.05451836762354349, 0.05217492971521662, 0.05144747932110449, 0.04877577996943765, 0.050044850705910825, 0.04745325830090991, 0.04617515989981801, 0.045972607510588355, 0.04684116475074492, 0.04593353081122994, 0.047444152819645376, 0.047727748370536456], "train_acc": [17.744, 31.074, 40.61, 50.698, 57.056, 60.566, 63.42, 65.294, 67.61, 68.46, 69.894, 71.1, 71.538, 72.206, 72.752, 73.498, 73.46, 74.182, 74.302, 74.312, 74.776, 74.596, 74.818, 75.484, 75.742, 75.866, 75.828, 75.796, 75.932, 76.204, 76.37, 76.46, 76.786, 76.748, 76.572, 77.006, 77.256, 77.11, 77.344, 77.568, 77.368, 77.62, 77.638, 77.452, 77.574, 77.664, 77.986, 77.872, 78.116, 78.33, 78.086, 78.628, 78.264, 78.91, 78.618, 78.686, 78.582, 78.988, 78.932, 79.116, 78.838, 79.05, 78.97, 79.322, 79.702, 79.528, 79.67, 79.902, 79.698, 80.132, 80.268, 80.458, 80.184, 80.536, 80.388, 80.436, 80.67, 80.746, 80.766, 80.758, 81.148, 81.082, 81.4, 81.504, 81.62, 81.424, 81.63, 81.876, 81.852, 81.906, 81.908, 82.442, 82.18, 82.382, 82.592, 82.802, 82.724, 82.97, 82.844, 83.054, 83.296, 83.298, 83.914, 83.578, 83.71, 83.776, 84.102, 84.1, 84.116, 84.404, 84.83, 84.924, 84.57, 85.042, 85.26, 85.266, 85.376, 85.7, 85.538, 85.844, 85.898, 86.094, 86.508, 86.506, 86.692, 86.568, 87.14, 86.99, 87.384, 87.594, 87.848, 87.752, 88.234, 88.552, 88.284, 88.618, 88.66, 88.974, 89.174, 89.462, 89.426, 89.846, 90.052, 90.262, 90.326, 90.558, 90.936, 91.124, 91.306, 91.294, 91.8, 91.732, 92.192, 92.546, 92.388, 92.846, 93.36, 93.464, 93.426, 93.888, 93.964, 94.338, 94.532, 94.97, 95.226, 95.362, 95.59, 95.856, 96.26, 96.334, 96.41, 96.72, 97.022, 97.168, 97.582, 97.7, 98.014, 97.884, 98.202, 98.336, 98.542, 98.48, 98.768, 98.862, 98.9, 99.076, 99.056, 99.076, 99.118, 99.258, 99.276, 99.342, 99.266, 99.376, 99.404, 99.446, 99.394, 99.408, 99.306, 99.354],