{"DueHeadNet(seresnet18)": {"best_acc": 45.98039215686274, "parms": 35906356}, "DueHeadNet(seresnet18)NFMCE": {"best_acc": 45.19607843137255, "parms": 35906356}, "seresnet101": {"best_acc": 45.294117647058826, "parms": 47486870}}